{
  "2025-05-12 06:42": {
    "TVL_USD": 1010.001296,
    "TVL_TOKEN": 1010.0516470746068,
    "SHARES": 1009.98748,
    "PPS": 1.0000635325445884
  }
}