{
  "2025-08-14 00:23": {
    "LTVL": 9984.787943,
    "TVL_USD": 9998641.004657,
    "TVL_TOKEN": 10000441.984253945,
    "SHARES": 9996050.582615,
    "PPS": 1.000439313667198,
    "FUEL": 0
  }
}