{
  "2025-02-01 00:56": {
    "LTVL": 947.1671656945658,
    "TVL_USD": 1398.897013,
    "TVL_TOKEN": 1398.83079235029,
    "SHARES": 1400,
    "PPS": 0.9991648516787786,
    "FUNDING_APR": 16.810834512826386
  }
}