{
  "2025-07-15 10:25": {
    "SHARES": 1000,
    "TVL_USD": 999.917616,
    "TVL_TOKEN": 999.9990459223095,
    "PPS": 0.9999990459223095
  }
}