{
  "2025-04-10 13:07": {
    "SHARES": 6023.361996,
    "TVL_USD": 6007.920856,
    "TVL_TOKEN": 6007.94116284113,
    "PPS": 0.9974398295886732
  }
}