{
  "2025-01-03 15:18": {
    "TVL_USD": 15027.978622,
    "TVL_TOKEN": 15027.978622,
    "SHARES": 14618.004887,
    "PPS": 1.0280458063989701
  }
}