{
  "2025-01-08 03:41": {
    "TVL_USD": 997.824743,
    "TVL_TOKEN": 997.824743,
    "SHARES": 1000,
    "PPS": 0.997824743
  }
}