{
  "2025-03-11 05:45": {
    "TVL_USD": 18.864114,
    "TVL_TOKEN": 0.010008250903813291,
    "SHARES": 1,
    "PPS": 0.010008250903813291,
    "APY": 5.5514579482600634,
    "FUEL": 0
  }
}