{
  "2025-03-11 05:46": {
    "TVL_USD": 12.263982,
    "TVL_TOKEN": 0.09999483016021989,
    "SHARES": 100,
    "PPS": 0.0009999483016021988,
    "APY": 8.39358263800969,
    "FUEL": 0
  }
}