{
  "2025-03-11 04:44": {
    "TVL_USD": 1.000003,
    "TVL_TOKEN": 1.0000953388026317,
    "SHARES": 1,
    "PPS": 1.0000953388026317,
    "APY": 4.4687,
    "FUEL": 0
  }
}