{
  "2025-03-11 05:49": {
    "TVL_USD": 40.094082,
    "TVL_TOKEN": 0.000499193733854779,
    "SHARES": 0.0005,
    "PPS": 0.998387467709558,
    "APY": 0.43672828905174654,
    "FUEL": 0
  }
}