{
  "2024-11-02 07:25": {
    "LTVL": 1304.048496,
    "TVL_USD": 1316.0599470000002,
    "TVL_TOKEN": 0.5249969627011086,
    "SHARES": 0.5195601,
    "PPS": 1.0104643576385266
  }
}