{
  "2025-04-11 07:29": {
    "SHARES": 5000,
    "TVL_USD": 5000.091656,
    "TVL_TOKEN": 5000.056105601088,
    "PPS": 1.0000112211202177
  }
}