{
  "2025-02-14 08:45": {
    "LTVL": 19998.034419,
    "TVL_USD": 500118.941344,
    "TVL_TOKEN": 500148.8502452447,
    "SHARES": 499966.87824,
    "PPS": 1.0003639681210188
  }
}