{
  "2025-02-25 09:45": {
    "TVL_USD": 1010.002793,
    "TVL_TOKEN": 1010.0532956647833,
    "SHARES": 1009.9991,
    "PPS": 1.0000536591218578
  }
}