{
  "2024-11-02 07:11": {
    "LTVL": 766143.604383,
    "TVL_USD": 748022.118765,
    "TVL_TOKEN": 748025.9336972618,
    "SHARES": 706161.154158,
    "PPS": 1.0592850219709122
  }
}