{
  "2025-02-02 11:30": {
    "LTVL": 0,
    "TVL_USD": 10.000495,
    "TVL_TOKEN": 9.999520446737261,
    "SHARES": 10,
    "PPS": 0.9999520446737261
  }
}