{
  "2025-01-23 07:32": {
    "LTVL": 0,
    "TVL_USD": 10.00041,
    "TVL_TOKEN": 9.99998710054552,
    "SHARES": 10,
    "PPS": 0.999998710054552
  }
}