{
  "2024-12-24 12:23": {
    "LTVL": 69973.919679,
    "TVL_USD": 211422.171302,
    "TVL_TOKEN": 211428.7467360235,
    "SHARES": 211384.826713,
    "PPS": 1.0002077728269643
  }
}