{
  "2024-11-06 05:54": {
    "LTVL": 12758.682169,
    "TVL_USD": 12709.564585,
    "TVL_TOKEN": 12710.133617682064,
    "SHARES": 12759.691103,
    "PPS": 0.9961160905136424
  }
}