{
  "2025-08-11 13:04": {
    "LTVL": 9991.436536,
    "TVL_USD": 99999.10348800001,
    "TVL_TOKEN": 100010.95478614217,
    "SHARES": 99921.162483,
    "PPS": 1.0008986314901755,
    "FUEL": 0
  }
}