{
  "2025-02-12 09:50": {
    "LTVL": 1166.017576,
    "TVL_USD": 1166.3870650000001,
    "TVL_TOKEN": 263.083340631323,
    "SHARES": 263.000263,
    "PPS": 1.0003158842138609
  }
}