{
  "2025-04-02 14:03": {
    "LTVL": 1999.070725,
    "TVL_USD": 80017.417101,
    "TVL_TOKEN": 80017.38269352543,
    "SHARES": 80015.65223,
    "PPS": 1.0000216265627686,
    "FUEL": 318
  }
}