{
  "2025-07-09 06:53": {
    "LTVL": 49968.452153,
    "TVL_USD": 499878.32239600003,
    "TVL_TOKEN": 499928.6252142691,
    "SHARES": 499901.06915,
    "PPS": 1.0000551230352757,
    "FUEL": 0
  }
}