{
  "2025-02-25 15:44": {
    "TVL_USD": 54.927175,
    "TVL_TOKEN": 0.3999967273297914,
    "SHARES": 399.999973,
    "PPS": 0.000999991885823931
  }
}