{
  "2025-07-02 04:22": {
    "LTVL": 9888.899651,
    "TVL_USD": 49954.558959,
    "TVL_TOKEN": 49954.7812577766,
    "SHARES": 49976.637062,
    "PPS": 0.9995626795737319,
    "FUEL": 0
  }
}