{
  "2025-01-26 13:54": {
    "LTVL": 0,
    "TVL_USD": 501313.051549,
    "TVL_TOKEN": 501313.051549,
    "SHARES": 501280.575417,
    "PPS": 1.0000647863364205
  }
}