{
  "2025-01-30 01:41": {
    "LTVL": 0,
    "TVL_USD": 500048.69507,
    "TVL_TOKEN": 500048.22502466844,
    "SHARES": 499909.742747,
    "PPS": 1.0002770145604833
  }
}