{
  "2024-11-26 06:26": {
    "TVL_USD": 15689.395713,
    "TVL_TOKEN": 15690.17739763795,
    "SHARES": 15578.938892,
    "PPS": 1.007140313368523,
    "TOTAL_APY": 74.56556288254178
  }
}