{
  "2025-01-17 03:49": {
    "TVL_USD": 997.596073,
    "TVL_TOKEN": 997.6442991254197,
    "SHARES": 1000,
    "PPS": 0.9976442991254197
  }
}