{
  "2025-10-06 04:05": {
    "LTVL": 4981.024367,
    "TVL_USD": 4973.10466,
    "TVL_TOKEN": 21.46327133447462,
    "SHARES": 21.49,
    "PPS": 0.9987562277559153
  }
}