{
  "2024-11-02 06:13": {
    "LTVL": 200041.906749,
    "TVL_USD": 229257.646735,
    "TVL_TOKEN": 1377.0391271254623,
    "SHARES": 1388.016523135,
    "PPS": 0.9920913073968717
  }
}