{
  "2025-04-24 07:36": {
    "TVL_USD": 1043.185626,
    "TVL_TOKEN": 1043.2375896643412,
    "SHARES": 861.696479,
    "PPS": 1.210678719350252
  }
}