{
  "2024-11-07 14:45": {
    "LTVL": 999.50704,
    "TVL_USD": 997.963084,
    "TVL_TOKEN": 998.065735060851,
    "SHARES": 1000,
    "PPS": 0.9980657350608511
  }
}