{
  "2024-12-04 11:31": {
    "LTVL": 321142.484259,
    "TVL_USD": 320888.057447,
    "TVL_TOKEN": 320904.03846811573,
    "SHARES": 320662.523977,
    "PPS": 1.0007531734239485
  }
}