{
  "2024-12-27 05:28": {
    "LTVL": 4998.598881,
    "TVL_USD": 9999.005943,
    "TVL_TOKEN": 9999.301922336901
  }
}