{
  "2024-12-21 00:41": {
    "LTVL": 49984.020124,
    "TVL_USD": 249865.611148,
    "TVL_TOKEN": 249865.4062583669,
    "SHARES": 249809.518238,
    "PPS": 1.0002237225417234
  }
}