{
  "2024-12-10 09:39": {
    "LTVL": 99999.609342,
    "TVL_USD": 99966.456278,
    "TVL_TOKEN": 99975.5980466854,
    "SHARES": 100005.840173,
    "PPS": 0.9996975963977475
  }
}