{
  "2024-12-10 08:41": {
    "LTVL": 210019.096679,
    "TVL_USD": 263936.215903,
    "TVL_TOKEN": 263953.1089019697,
    "SHARES": 264065.342498,
    "PPS": 0.999574977939291
  }
}