{
  "2024-12-26 11:15": {
    "LTVL": 4995.177963,
    "TVL_USD": 757523.558772,
    "TVL_TOKEN": 4000.264909803818,
    "SHARES": 3998.976595597,
    "PPS": 1.000322160976945,
    "APY": 0.98
  }
}