{
  "2024-12-06 06:18": {
    "LTVL": 100111.027945,
    "TVL_USD": 99938.91540499999,
    "TVL_TOKEN": 99946.3644075393,
    "SHARES": 99969.306566,
    "PPS": 0.9997705079764102
  }
}