{
  "2024-12-10 10:27": {
    "LTVL": 1017003.077508,
    "SHARES": 5851.15538433,
    "TVL_USD": 615892.2711720001,
    "TVL_TOKEN": 615948.9138341163,
    "PPS": 105.26962170303857
  }
}