{
  "2024-12-31 10:36": {
    "LTVL": 49959.700656,
    "TVL_USD": 876967.2402039999,
    "TVL_TOKEN": 877009.5383740357,
    "SHARES": 876971.361694,
    "PPS": 1.0000435324136037
  }
}