{
  "2025-01-15 07:40": {
    "LTVL": 49981.984646,
    "TVL_USD": 499990.64113999996,
    "TVL_TOKEN": 499994.006099661,
    "SHARES": 500003.200078,
    "PPS": 0.999981612161007
  }
}