{
  "2025-01-23 04:53": {
    "LTVL": 0,
    "TVL_USD": 909964.733613,
    "TVL_TOKEN": 909951.5848125994,
    "SHARES": 909781.326946,
    "PPS": 1.0001871415268226
  }
}