{
  "2025-01-21 01:36": {
    "LTVL": 19964.125911,
    "TVL_USD": 1500102.0206769998,
    "TVL_TOKEN": 1500041.5090025268,
    "SHARES": 1494148.048195,
    "PPS": 1.0039443620159638
  }
}