{
  "2025-01-23 04:57": {
    "LTVL": 0,
    "TVL_USD": 500058.740157,
    "TVL_TOKEN": 500049.0092032809,
    "SHARES": 497466.405905,
    "PPS": 1.0051915129697704
  }
}