{
  "2025-01-23 14:50": {
    "LTVL": 0,
    "TVL_USD": 555011.367846,
    "TVL_TOKEN": 554983.496574802,
    "SHARES": 554979.032727,
    "PPS": 1.0000080432728784
  }
}