{
  "2025-01-24 04:37": {
    "LTVL": 0,
    "TVL_USD": 1760018.551584,
    "TVL_TOKEN": 1759949.1919863436,
    "SHARES": 1759676.719123,
    "PPS": 1.0001548425687414
  }
}