{
  "2024-12-28 06:55": {
    "TVL_USD": 10.000034,
    "TVL_TOKEN": 10.000034,
    "SHARES": 10,
    "PPS": 1.0000034
  }
}