{
  "2025-02-21 12:03": {
    "LTVL": 49997.043127,
    "TVL_USD": 499992.94045399997,
    "TVL_TOKEN": 500062.9642708868,
    "SHARES": 499996.631555,
    "PPS": 1.0001326663255319
  }
}